seq,reward
44_CaDo_C4_M0-55_TeNoTeG_C8_M0-44_CaDo_C4_M0-66_BrNoBrG_C12_M0,11-20-8-29
44_CaDo_C4_M0,25
55_TeNoTeG_C8_M0-66_BrNoBrG_C12_M0-55_TeNoTeG_C8_M0-66_BrNoBrG_C12_M0-66_BrNoBrG_C12_M0-44_CaDo_C4_M0-44_CaDo_C4_M0-66_BrNoBrG_C12_M0-66_BrNoBrG_C12_M0-55_TeNoTeG_C8_M0-44_CaDo_C4_M0,27-30-24-44-32-23-21-38-41-30-23
44_CaDo_C4_M0-55_TeNoTeG_C8_M0-66_BrNoBrG_C12_M0,10-17-78
55_TeNoTeG_C8_M0-66_BrNoBrG_C12_M0-44_CaDo_C4_M0-66_BrNoBrG_C12_M0-66_BrNoBrG_C12_M0-55_TeNoTeG_C8_M0-44_CaDo_C4_M0-55_TeNoTeG_C8_M0-66_BrNoBrG_C12_M0-44_CaDo_C4_M0-55_TeNoTeG_C8_M0-55_TeNoTeG_C8_M0-55_TeNoTeG_C8_M0,37-73-11-44-47-19-8-22-32-8-20-29-21
44_CaDo_C4_M0-44_CaDo_C4_M0-55_TeNoTeG_C8_M0-66_BrNoBrG_C12_M0-55_TeNoTeG_C8_M0-55_TeNoTeG_C8_M0-66_BrNoBrG_C12_M0-66_BrNoBrG_C12_M0-44_CaDo_C4_M0-44_CaDo_C4_M0-66_BrNoBrG_C12_M0-66_BrNoBrG_C12_M0,23-19-24-58-27-26-27-40-19-19-51-32
66_BrNoBrG_C12_M0-55_TeNoTeG_C8_M0-66_BrNoBrG_C12_M0-55_TeNoTeG_C8_M0-55_TeNoTeG_C8_M0-55_TeNoTeG_C8_M0-55_TeNoTeG_C8_M0-44_CaDo_C4_M0-66_BrNoBrG_C12_M0-44_CaDo_C4_M0-44_CaDo_C4_M0-66_BrNoBrG_C12_M0-44_CaDo_C4_M0,59-16-55-18-22-27-27-18-75-20-20-36-17
66_BrNoBrG_C12_M0-66_BrNoBrG_C12_M0-55_TeNoTeG_C8_M0-66_BrNoBrG_C12_M0-66_BrNoBrG_C12_M0-44_CaDo_C4_M0-55_TeNoTeG_C8_M0-66_BrNoBrG_C12_M0-44_CaDo_C4_M0-44_CaDo_C4_M0-66_BrNoBrG_C12_M0,49-29-26-45-26-22-29-68-22-21-55
66_BrNoBrG_C12_M0-44_CaDo_C4_M0-55_TeNoTeG_C8_M0-55_TeNoTeG_C8_M0-44_CaDo_C4_M0-44_CaDo_C4_M0-66_BrNoBrG_C12_M0-66_BrNoBrG_C12_M0-55_TeNoTeG_C8_M0-66_BrNoBrG_C12_M0-55_TeNoTeG_C8_M0-55_TeNoTeG_C8_M0-55_TeNoTeG_C8_M0,65-18-20-20-15-11-32-57-16-118-16-19-16
44_CaDo_C4_M0-66_BrNoBrG_C12_M0-55_TeNoTeG_C8_M0-44_CaDo_C4_M0-44_CaDo_C4_M0-44_CaDo_C4_M0-55_TeNoTeG_C8_M0-44_CaDo_C4_M0-55_TeNoTeG_C8_M0-44_CaDo_C4_M0-66_BrNoBrG_C12_M0-55_TeNoTeG_C8_M0-55_TeNoTeG_C8_M0-44_CaDo_C4_M0-66_BrNoBrG_C12_M0,8-55-17-8-8-8-18-9-17-8-100-17-18-9-30
44_CaDo_C4_M0-66_BrNoBrG_C12_M0-66_BrNoBrG_C12_M0,19-46-11
66_BrNoBrG_C12_M0,12
44_CaDo_C4_M0-55_TeNoTeG_C8_M0-66_BrNoBrG_C12_M0-55_TeNoTeG_C8_M0-66_BrNoBrG_C12_M0-66_BrNoBrG_C12_M0,16-20-64-20-39-68
55_TeNoTeG_C8_M0-55_TeNoTeG_C8_M0-55_TeNoTeG_C8_M0-66_BrNoBrG_C12_M0-44_CaDo_C4_M0-66_BrNoBrG_C12_M0-66_BrNoBrG_C12_M0-44_CaDo_C4_M0-44_CaDo_C4_M0-44_CaDo_C4_M0-66_BrNoBrG_C12_M0-66_BrNoBrG_C12_M0,28-20-20-144-8-68-120-8-8-8-72-109
55_TeNoTeG_C8_M0-55_TeNoTeG_C8_M0-44_CaDo_C4_M0-66_BrNoBrG_C12_M0-55_TeNoTeG_C8_M0-44_CaDo_C4_M0-44_CaDo_C4_M0-55_TeNoTeG_C8_M0-55_TeNoTeG_C8_M0-44_CaDo_C4_M0-55_TeNoTeG_C8_M0-66_BrNoBrG_C12_M0-66_BrNoBrG_C12_M0,40-19-8-48-19-15-15-21-18-17-17-33-40
66_BrNoBrG_C12_M0-44_CaDo_C4_M0-55_TeNoTeG_C8_M0-55_TeNoTeG_C8_M0-55_TeNoTeG_C8_M0-66_BrNoBrG_C12_M0-55_TeNoTeG_C8_M0-55_TeNoTeG_C8_M0-55_TeNoTeG_C8_M0-44_CaDo_C4_M0-44_CaDo_C4_M0-44_CaDo_C4_M0-55_TeNoTeG_C8_M0-66_BrNoBrG_C12_M0,38-20-24-25-23-31-17-28-25-19-17-20-21-31
44_CaDo_C4_M0-66_BrNoBrG_C12_M0-66_BrNoBrG_C12_M0-55_TeNoTeG_C8_M0-55_TeNoTeG_C8_M0-55_TeNoTeG_C8_M0-66_BrNoBrG_C12_M0-55_TeNoTeG_C8_M0-66_BrNoBrG_C12_M0-55_TeNoTeG_C8_M0-66_BrNoBrG_C12_M0-55_TeNoTeG_C8_M0-44_CaDo_C4_M0-44_CaDo_C4_M0-66_BrNoBrG_C12_M0,8-25-27-16-19-16-26-16-38-19-36-23-9-8-24
44_CaDo_C4_M0-66_BrNoBrG_C12_M0-44_CaDo_C4_M0-66_BrNoBrG_C12_M0-44_CaDo_C4_M0-66_BrNoBrG_C12_M0-66_BrNoBrG_C12_M0-66_BrNoBrG_C12_M0-55_TeNoTeG_C8_M0-55_TeNoTeG_C8_M0-66_BrNoBrG_C12_M0-55_TeNoTeG_C8_M0-66_BrNoBrG_C12_M0,34-59-8-45-8-68-68-72-18-18-42-26-38
44_CaDo_C4_M0-55_TeNoTeG_C8_M0-55_TeNoTeG_C8_M0-55_TeNoTeG_C8_M0-55_TeNoTeG_C8_M0-44_CaDo_C4_M0-66_BrNoBrG_C12_M0-55_TeNoTeG_C8_M0-66_BrNoBrG_C12_M0-55_TeNoTeG_C8_M0-44_CaDo_C4_M0-44_CaDo_C4_M0-66_BrNoBrG_C12_M0,13-20-24-25-16-20-32-19-44-20-18-18-32
66_BrNoBrG_C12_M0-66_BrNoBrG_C12_M0-55_TeNoTeG_C8_M0-44_CaDo_C4_M0-55_TeNoTeG_C8_M0-66_BrNoBrG_C12_M0-55_TeNoTeG_C8_M0-44_CaDo_C4_M0-66_BrNoBrG_C12_M0-66_BrNoBrG_C12_M0-44_CaDo_C4_M0,84-155-23-9-20-55-19-9-88-54-10
66_BrNoBrG_C12_M0,0
55_TeNoTeG_C8_M0-55_TeNoTeG_C8_M0-66_BrNoBrG_C12_M0-44_CaDo_C4_M0-66_BrNoBrG_C12_M0-55_TeNoTeG_C8_M0-66_BrNoBrG_C12_M0-55_TeNoTeG_C8_M0-66_BrNoBrG_C12_M0-44_CaDo_C4_M0-44_CaDo_C4_M0-44_CaDo_C4_M0-55_TeNoTeG_C8_M0,20-21-79-16-93-18-93-22-85-11-15-11-21
55_TeNoTeG_C8_M0-44_CaDo_C4_M0-55_TeNoTeG_C8_M0-44_CaDo_C4_M0-55_TeNoTeG_C8_M0-55_TeNoTeG_C8_M0-55_TeNoTeG_C8_M0-44_CaDo_C4_M0-44_CaDo_C4_M0-66_BrNoBrG_C12_M0-66_BrNoBrG_C12_M0-55_TeNoTeG_C8_M0-66_BrNoBrG_C12_M0,47-12-38-15-46-41-32-19-21-65-37-26-32
66_BrNoBrG_C12_M0-66_BrNoBrG_C12_M0-55_TeNoTeG_C8_M0-66_BrNoBrG_C12_M0-55_TeNoTeG_C8_M0-55_TeNoTeG_C8_M0-55_TeNoTeG_C8_M0-44_CaDo_C4_M0-44_CaDo_C4_M0-66_BrNoBrG_C12_M0-66_BrNoBrG_C12_M0,41-42-18-36-20-20-24-10-12-30-36
66_BrNoBrG_C12_M0,12
44_CaDo_C4_M0,2
44_CaDo_C4_M0-55_TeNoTeG_C8_M0,17-29
55_TeNoTeG_C8_M0-55_TeNoTeG_C8_M0-66_BrNoBrG_C12_M0-66_BrNoBrG_C12_M0-44_CaDo_C4_M0-44_CaDo_C4_M0-66_BrNoBrG_C12_M0-66_BrNoBrG_C12_M0-44_CaDo_C4_M0-66_BrNoBrG_C12_M0-55_TeNoTeG_C8_M0-66_BrNoBrG_C12_M0,26-24-67-61-15-23-56-50-16-42-26-0
44_CaDo_C4_M0-66_BrNoBrG_C12_M0,9-11
44_CaDo_C4_M0-55_TeNoTeG_C8_M0-66_BrNoBrG_C12_M0-66_BrNoBrG_C12_M0-55_TeNoTeG_C8_M0-44_CaDo_C4_M0-55_TeNoTeG_C8_M0-66_BrNoBrG_C12_M0-44_CaDo_C4_M0-44_CaDo_C4_M0-55_TeNoTeG_C8_M0-66_BrNoBrG_C12_M0,17-27-60-97-20-8-22-60-10-16-25-27
44_CaDo_C4_M0-44_CaDo_C4_M0-66_BrNoBrG_C12_M0-55_TeNoTeG_C8_M0-66_BrNoBrG_C12_M0-66_BrNoBrG_C12_M0-66_BrNoBrG_C12_M0-55_TeNoTeG_C8_M0-66_BrNoBrG_C12_M0-66_BrNoBrG_C12_M0,26-18-71-29-82-37-68-26-37-40
55_TeNoTeG_C8_M0-44_CaDo_C4_M0-66_BrNoBrG_C12_M0-55_TeNoTeG_C8_M0-55_TeNoTeG_C8_M0-44_CaDo_C4_M0-55_TeNoTeG_C8_M0-55_TeNoTeG_C8_M0,19-16-61-24-21-19-17-21
66_BrNoBrG_C12_M0-44_CaDo_C4_M0-66_BrNoBrG_C12_M0-44_CaDo_C4_M0-44_CaDo_C4_M0-66_BrNoBrG_C12_M0-55_TeNoTeG_C8_M0-66_BrNoBrG_C12_M0-66_BrNoBrG_C12_M0-55_TeNoTeG_C8_M0-44_CaDo_C4_M0-66_BrNoBrG_C12_M0-55_TeNoTeG_C8_M0-44_CaDo_C4_M0,48-10-58-16-10-51-18-77-60-38-8-80-30-11
55_TeNoTeG_C8_M0-66_BrNoBrG_C12_M0-66_BrNoBrG_C12_M0-44_CaDo_C4_M0-66_BrNoBrG_C12_M0-44_CaDo_C4_M0-66_BrNoBrG_C12_M0-66_BrNoBrG_C12_M0,27-78-85-16-43-13-100-52
66_BrNoBrG_C12_M0-55_TeNoTeG_C8_M0-44_CaDo_C4_M0-44_CaDo_C4_M0-66_BrNoBrG_C12_M0-55_TeNoTeG_C8_M0-55_TeNoTeG_C8_M0-55_TeNoTeG_C8_M0-66_BrNoBrG_C12_M0-66_BrNoBrG_C12_M0-44_CaDo_C4_M0-66_BrNoBrG_C12_M0,58-21-9-8-49-20-23-18-59-39-11-44
66_BrNoBrG_C12_M0,37
66_BrNoBrG_C12_M0,22
66_BrNoBrG_C12_M0,89
66_BrNoBrG_C12_M0-66_BrNoBrG_C12_M0,75-51
55_TeNoTeG_C8_M0,26
44_CaDo_C4_M0,34
55_TeNoTeG_C8_M0-55_TeNoTeG_C8_M0-66_BrNoBrG_C12_M0-44_CaDo_C4_M0-55_TeNoTeG_C8_M0-55_TeNoTeG_C8_M0-44_CaDo_C4_M0-66_BrNoBrG_C12_M0-44_CaDo_C4_M0-44_CaDo_C4_M0-44_CaDo_C4_M0-55_TeNoTeG_C8_M0-44_CaDo_C4_M0-66_BrNoBrG_C12_M0-44_CaDo_C4_M0,17-20-34-19-20-21-8-71-8-8-10-21-14-77-9
66_BrNoBrG_C12_M0,72
55_TeNoTeG_C8_M0-55_TeNoTeG_C8_M0-66_BrNoBrG_C12_M0,16-16-2
44_CaDo_C4_M0-44_CaDo_C4_M0-44_CaDo_C4_M0-66_BrNoBrG_C12_M0-66_BrNoBrG_C12_M0-55_TeNoTeG_C8_M0-55_TeNoTeG_C8_M0-55_TeNoTeG_C8_M0-44_CaDo_C4_M0-55_TeNoTeG_C8_M0-66_BrNoBrG_C12_M0-55_TeNoTeG_C8_M0-66_BrNoBrG_C12_M0-44_CaDo_C4_M0-44_CaDo_C4_M0-66_BrNoBrG_C12_M0,9-22-12-59-43-16-19-22-8-20-43-17-39-8-8-48
55_TeNoTeG_C8_M0-55_TeNoTeG_C8_M0-66_BrNoBrG_C12_M0,26-42-15
66_BrNoBrG_C12_M0,33
55_TeNoTeG_C8_M0-55_TeNoTeG_C8_M0-55_TeNoTeG_C8_M0-44_CaDo_C4_M0-44_CaDo_C4_M0-55_TeNoTeG_C8_M0-55_TeNoTeG_C8_M0-55_TeNoTeG_C8_M0-44_CaDo_C4_M0-66_BrNoBrG_C12_M0-44_CaDo_C4_M0-55_TeNoTeG_C8_M0-55_TeNoTeG_C8_M0-66_BrNoBrG_C12_M0-66_BrNoBrG_C12_M0,16-17-17-9-8-17-22-19-8-39-8-27-19-47-2
66_BrNoBrG_C12_M0,0
55_TeNoTeG_C8_M0-55_TeNoTeG_C8_M0-44_CaDo_C4_M0-55_TeNoTeG_C8_M0-55_TeNoTeG_C8_M0-55_TeNoTeG_C8_M0-55_TeNoTeG_C8_M0-55_TeNoTeG_C8_M0-44_CaDo_C4_M0-55_TeNoTeG_C8_M0-55_TeNoTeG_C8_M0-44_CaDo_C4_M0-66_BrNoBrG_C12_M0,16-17-13-17-19-16-19-18-9-16-17-8-55
44_CaDo_C4_M0-66_BrNoBrG_C12_M0,14-0
66_BrNoBrG_C12_M0,23
44_CaDo_C4_M0-66_BrNoBrG_C12_M0,10-28
44_CaDo_C4_M0,35
66_BrNoBrG_C12_M0-66_BrNoBrG_C12_M0-66_BrNoBrG_C12_M0-55_TeNoTeG_C8_M0-55_TeNoTeG_C8_M0-66_BrNoBrG_C12_M0-55_TeNoTeG_C8_M0-55_TeNoTeG_C8_M0-55_TeNoTeG_C8_M0-55_TeNoTeG_C8_M0,55-37-24-18-17-87-19-19-25-17
44_CaDo_C4_M0,9
66_BrNoBrG_C12_M0-66_BrNoBrG_C12_M0-44_CaDo_C4_M0-44_CaDo_C4_M0-44_CaDo_C4_M0-55_TeNoTeG_C8_M0-55_TeNoTeG_C8_M0-66_BrNoBrG_C12_M0-66_BrNoBrG_C12_M0-66_BrNoBrG_C12_M0-66_BrNoBrG_C12_M0-55_TeNoTeG_C8_M0,40-32-18-22-18-30-25-27-46-55-33-22
44_CaDo_C4_M0-55_TeNoTeG_C8_M0-55_TeNoTeG_C8_M0-44_CaDo_C4_M0-44_CaDo_C4_M0-55_TeNoTeG_C8_M0-66_BrNoBrG_C12_M0-44_CaDo_C4_M0-55_TeNoTeG_C8_M0-66_BrNoBrG_C12_M0-55_TeNoTeG_C8_M0-55_TeNoTeG_C8_M0,8-20-18-14-9-18-102-9-17-97-21-17
44_CaDo_C4_M0-55_TeNoTeG_C8_M0-66_BrNoBrG_C12_M0-66_BrNoBrG_C12_M0-55_TeNoTeG_C8_M0-55_TeNoTeG_C8_M0-44_CaDo_C4_M0-55_TeNoTeG_C8_M0-44_CaDo_C4_M0-55_TeNoTeG_C8_M0-44_CaDo_C4_M0-55_TeNoTeG_C8_M0-44_CaDo_C4_M0-44_CaDo_C4_M0,8-24-69-41-17-17-8-17-13-23-16-22-9-12
66_BrNoBrG_C12_M0-66_BrNoBrG_C12_M0-55_TeNoTeG_C8_M0-44_CaDo_C4_M0-66_BrNoBrG_C12_M0-55_TeNoTeG_C8_M0-44_CaDo_C4_M0-55_TeNoTeG_C8_M0-55_TeNoTeG_C8_M0-66_BrNoBrG_C12_M0-55_TeNoTeG_C8_M0-66_BrNoBrG_C12_M0-55_TeNoTeG_C8_M0,81-52-18-11-48-22-10-16-25-117-17-54-4
55_TeNoTeG_C8_M0,12
44_CaDo_C4_M0-66_BrNoBrG_C12_M0,8-47
55_TeNoTeG_C8_M0,70
66_BrNoBrG_C12_M0-44_CaDo_C4_M0-55_TeNoTeG_C8_M0-66_BrNoBrG_C12_M0-44_CaDo_C4_M0-55_TeNoTeG_C8_M0-66_BrNoBrG_C12_M0-44_CaDo_C4_M0-44_CaDo_C4_M0-55_TeNoTeG_C8_M0-44_CaDo_C4_M0-44_CaDo_C4_M0-66_BrNoBrG_C12_M0,60-9-17-87-14-18-49-8-8-17-12-8-34
44_CaDo_C4_M0,14
44_CaDo_C4_M0,8
66_BrNoBrG_C12_M0-66_BrNoBrG_C12_M0-44_CaDo_C4_M0-55_TeNoTeG_C8_M0-44_CaDo_C4_M0-66_BrNoBrG_C12_M0-55_TeNoTeG_C8_M0-66_BrNoBrG_C12_M0-66_BrNoBrG_C12_M0-44_CaDo_C4_M0-44_CaDo_C4_M0-55_TeNoTeG_C8_M0-66_BrNoBrG_C12_M0-44_CaDo_C4_M0,36-42-16-20-12-42-25-55-37-23-13-16-75-9
44_CaDo_C4_M0-44_CaDo_C4_M0-55_TeNoTeG_C8_M0-55_TeNoTeG_C8_M0-44_CaDo_C4_M0-66_BrNoBrG_C12_M0-55_TeNoTeG_C8_M0-55_TeNoTeG_C8_M0-55_TeNoTeG_C8_M0-55_TeNoTeG_C8_M0-44_CaDo_C4_M0-44_CaDo_C4_M0-66_BrNoBrG_C12_M0-66_BrNoBrG_C12_M0-44_CaDo_C4_M0-55_TeNoTeG_C8_M0-66_BrNoBrG_C12_M0-44_CaDo_C4_M0,17-11-25-20-17-60-24-24-18-17-16-16-76-65-13-20-85-15
44_CaDo_C4_M0,14
55_TeNoTeG_C8_M0-66_BrNoBrG_C12_M0-66_BrNoBrG_C12_M0,28-100-26
44_CaDo_C4_M0-66_BrNoBrG_C12_M0-55_TeNoTeG_C8_M0-55_TeNoTeG_C8_M0-66_BrNoBrG_C12_M0,19-33-16-18-10
55_TeNoTeG_C8_M0-66_BrNoBrG_C12_M0-55_TeNoTeG_C8_M0-55_TeNoTeG_C8_M0-44_CaDo_C4_M0-66_BrNoBrG_C12_M0-55_TeNoTeG_C8_M0-55_TeNoTeG_C8_M0-66_BrNoBrG_C12_M0-55_TeNoTeG_C8_M0-55_TeNoTeG_C8_M0-44_CaDo_C4_M0,31-57-19-20-17-81-21-19-58-19-17-13
44_CaDo_C4_M0,12
66_BrNoBrG_C12_M0,148
55_TeNoTeG_C8_M0,19
55_TeNoTeG_C8_M0-55_TeNoTeG_C8_M0-66_BrNoBrG_C12_M0,28-33-28
44_CaDo_C4_M0-55_TeNoTeG_C8_M0-44_CaDo_C4_M0-44_CaDo_C4_M0-66_BrNoBrG_C12_M0,8-21-8-10-6
44_CaDo_C4_M0,8
66_BrNoBrG_C12_M0-66_BrNoBrG_C12_M0-44_CaDo_C4_M0-55_TeNoTeG_C8_M0-44_CaDo_C4_M0-44_CaDo_C4_M0-44_CaDo_C4_M0-44_CaDo_C4_M0-66_BrNoBrG_C12_M0-44_CaDo_C4_M0-66_BrNoBrG_C12_M0-44_CaDo_C4_M0-55_TeNoTeG_C8_M0-55_TeNoTeG_C8_M0-44_CaDo_C4_M0-44_CaDo_C4_M0-66_BrNoBrG_C12_M0,41-35-9-17-8-8-8-8-69-8-45-8-16-16-8-8-42
55_TeNoTeG_C8_M0-55_TeNoTeG_C8_M0-55_TeNoTeG_C8_M0-55_TeNoTeG_C8_M0-55_TeNoTeG_C8_M0-44_CaDo_C4_M0-66_BrNoBrG_C12_M0-66_BrNoBrG_C12_M0,32-16-20-18-16-8-99-55
44_CaDo_C4_M0-44_CaDo_C4_M0-55_TeNoTeG_C8_M0-66_BrNoBrG_C12_M0-55_TeNoTeG_C8_M0-66_BrNoBrG_C12_M0-44_CaDo_C4_M0-66_BrNoBrG_C12_M0-66_BrNoBrG_C12_M0-44_CaDo_C4_M0-44_CaDo_C4_M0-44_CaDo_C4_M0-66_BrNoBrG_C12_M0,8-8-18-48-17-56-8-44-58-8-8-8-52
55_TeNoTeG_C8_M0-66_BrNoBrG_C12_M0-55_TeNoTeG_C8_M0-44_CaDo_C4_M0-66_BrNoBrG_C12_M0-44_CaDo_C4_M0-55_TeNoTeG_C8_M0-66_BrNoBrG_C12_M0-66_BrNoBrG_C12_M0-44_CaDo_C4_M0-55_TeNoTeG_C8_M0-66_BrNoBrG_C12_M0-55_TeNoTeG_C8_M0-55_TeNoTeG_C8_M0-66_BrNoBrG_C12_M0-44_CaDo_C4_M0-44_CaDo_C4_M0-44_CaDo_C4_M0-66_BrNoBrG_C12_M0-44_CaDo_C4_M0-55_TeNoTeG_C8_M0-55_TeNoTeG_C8_M0-55_TeNoTeG_C8_M0-44_CaDo_C4_M0-66_BrNoBrG_C12_M0-44_CaDo_C4_M0-66_BrNoBrG_C12_M0-55_TeNoTeG_C8_M0-66_BrNoBrG_C12_M0-66_BrNoBrG_C12_M0-44_CaDo_C4_M0-66_BrNoBrG_C12_M0-55_TeNoTeG_C8_M0-44_CaDo_C4_M0-55_TeNoTeG_C8_M0-44_CaDo_C4_M0-55_TeNoTeG_C8_M0-44_CaDo_C4_M0-66_BrNoBrG_C12_M0-66_BrNoBrG_C12_M0-55_TeNoTeG_C8_M0-44_CaDo_C4_M0-66_BrNoBrG_C12_M0-55_TeNoTeG_C8_M0-44_CaDo_C4_M0-55_TeNoTeG_C8_M0-55_TeNoTeG_C8_M0-44_CaDo_C4_M0-44_CaDo_C4_M0-66_BrNoBrG_C12_M0-66_BrNoBrG_C12_M0-66_BrNoBrG_C12_M0-66_BrNoBrG_C12_M0-66_BrNoBrG_C12_M0-66_BrNoBrG_C12_M0-66_BrNoBrG_C12_M0-66_BrNoBrG_C12_M0-66_BrNoBrG_C12_M0-66_BrNoBrG_C12_M0-66_BrNoBrG_C12_M0-66_BrNoBrG_C12_M0-66_BrNoBrG_C12_M0-66_BrNoBrG_C12_M0-66_BrNoBrG_C12_M0-66_BrNoBrG_C12_M0-66_BrNoBrG_C12_M0-66_BrNoBrG_C12_M0-66_BrNoBrG_C12_M0-66_BrNoBrG_C12_M0-66_BrNoBrG_C12_M0-66_BrNoBrG_C12_M0-66_BrNoBrG_C12_M0-66_BrNoBrG_C12_M0-66_BrNoBrG_C12_M0-66_BrNoBrG_C12_M0,16-50-16-8-72-8-16-28-70-8-19-35-17-19-33-8-8-8-32-8-16-16-19-8-55-9-45-18-40-39-17-54-18-8-18-10-21-11-43-40-18-9-32-17-8-17-18-9-8-29-37-44-63-31-31-35-36-38-30-30-32-33-34-36-42-34-58-32-45-33-37-29-48-30-33
44_CaDo_C4_M0-55_TeNoTeG_C8_M0,14-0
44_CaDo_C4_M0,17
44_CaDo_C4_M0,13
66_BrNoBrG_C12_M0,81
44_CaDo_C4_M0-44_CaDo_C4_M0-44_CaDo_C4_M0-66_BrNoBrG_C12_M0,9-9-8-17
55_TeNoTeG_C8_M0-66_BrNoBrG_C12_M0-55_TeNoTeG_C8_M0-55_TeNoTeG_C8_M0-55_TeNoTeG_C8_M0-44_CaDo_C4_M0-44_CaDo_C4_M0-66_BrNoBrG_C12_M0,21-118-19-16-17-8-12-94
66_BrNoBrG_C12_M0,4
44_CaDo_C4_M0-44_CaDo_C4_M0-55_TeNoTeG_C8_M0-66_BrNoBrG_C12_M0-66_BrNoBrG_C12_M0-66_BrNoBrG_C12_M0-44_CaDo_C4_M0-44_CaDo_C4_M0-55_TeNoTeG_C8_M0-44_CaDo_C4_M0-44_CaDo_C4_M0-66_BrNoBrG_C12_M0-55_TeNoTeG_C8_M0-44_CaDo_C4_M0-44_CaDo_C4_M0-44_CaDo_C4_M0-66_BrNoBrG_C12_M0-44_CaDo_C4_M0,8-8-16-98-61-28-18-8-19-8-8-59-18-8-8-10-24-9
44_CaDo_C4_M0,2
66_BrNoBrG_C12_M0-44_CaDo_C4_M0-44_CaDo_C4_M0-66_BrNoBrG_C12_M0-66_BrNoBrG_C12_M0-44_CaDo_C4_M0-44_CaDo_C4_M0,83-18-17-34-48-22-20
55_TeNoTeG_C8_M0-44_CaDo_C4_M0-66_BrNoBrG_C12_M0-66_BrNoBrG_C12_M0-44_CaDo_C4_M0-44_CaDo_C4_M0-55_TeNoTeG_C8_M0-66_BrNoBrG_C12_M0-44_CaDo_C4_M0-55_TeNoTeG_C8_M0-66_BrNoBrG_C12_M0-44_CaDo_C4_M0-66_BrNoBrG_C12_M0-44_CaDo_C4_M0-55_TeNoTeG_C8_M0,18-12-132-50-11-9-19-43-13-22-65-11-45-13-24
55_TeNoTeG_C8_M0-66_BrNoBrG_C12_M0-66_BrNoBrG_C12_M0-66_BrNoBrG_C12_M0-44_CaDo_C4_M0-44_CaDo_C4_M0-55_TeNoTeG_C8_M0-44_CaDo_C4_M0-44_CaDo_C4_M0-44_CaDo_C4_M0-44_CaDo_C4_M0-55_TeNoTeG_C8_M0-44_CaDo_C4_M0-55_TeNoTeG_C8_M0-44_CaDo_C4_M0-66_BrNoBrG_C12_M0-44_CaDo_C4_M0-66_BrNoBrG_C12_M0-66_BrNoBrG_C12_M0-55_TeNoTeG_C8_M0,17-56-88-113-8-8-22-8-8-8-8-20-8-24-8-134-8-36-28-18
66_BrNoBrG_C12_M0-44_CaDo_C4_M0-44_CaDo_C4_M0-55_TeNoTeG_C8_M0-66_BrNoBrG_C12_M0-44_CaDo_C4_M0-66_BrNoBrG_C12_M0-66_BrNoBrG_C12_M0-44_CaDo_C4_M0-44_CaDo_C4_M0-55_TeNoTeG_C8_M0-44_CaDo_C4_M0-44_CaDo_C4_M0-66_BrNoBrG_C12_M0,102-10-9-18-87-9-55-27-12-14-19-10-10-63
44_CaDo_C4_M0-66_BrNoBrG_C12_M0-44_CaDo_C4_M0-55_TeNoTeG_C8_M0-44_CaDo_C4_M0-55_TeNoTeG_C8_M0-66_BrNoBrG_C12_M0-44_CaDo_C4_M0-55_TeNoTeG_C8_M0-44_CaDo_C4_M0-66_BrNoBrG_C12_M0-44_CaDo_C4_M0-44_CaDo_C4_M0-55_TeNoTeG_C8_M0-55_TeNoTeG_C8_M0,12-90-8-18-12-18-37-12-22-8-74-12-12-16-18
66_BrNoBrG_C12_M0,0
44_CaDo_C4_M0-55_TeNoTeG_C8_M0,9-24
66_BrNoBrG_C12_M0-55_TeNoTeG_C8_M0-55_TeNoTeG_C8_M0-44_CaDo_C4_M0-66_BrNoBrG_C12_M0-44_CaDo_C4_M0-55_TeNoTeG_C8_M0-44_CaDo_C4_M0-66_BrNoBrG_C12_M0,58-16-20-8-28-8-16-8-13
55_TeNoTeG_C8_M0-55_TeNoTeG_C8_M0-66_BrNoBrG_C12_M0-55_TeNoTeG_C8_M0-66_BrNoBrG_C12_M0-44_CaDo_C4_M0-66_BrNoBrG_C12_M0-55_TeNoTeG_C8_M0-55_TeNoTeG_C8_M0-66_BrNoBrG_C12_M0-55_TeNoTeG_C8_M0-44_CaDo_C4_M0,17-19-50-24-28-10-48-23-23-62-24-9
44_CaDo_C4_M0-44_CaDo_C4_M0-66_BrNoBrG_C12_M0-44_CaDo_C4_M0-44_CaDo_C4_M0-66_BrNoBrG_C12_M0-55_TeNoTeG_C8_M0-44_CaDo_C4_M0-55_TeNoTeG_C8_M0-44_CaDo_C4_M0-66_BrNoBrG_C12_M0-44_CaDo_C4_M0-44_CaDo_C4_M0-55_TeNoTeG_C8_M0-66_BrNoBrG_C12_M0,9-9-169-9-11-36-25-12-22-11-169-12-13-33-70
55_TeNoTeG_C8_M0,7
44_CaDo_C4_M0-44_CaDo_C4_M0-55_TeNoTeG_C8_M0-44_CaDo_C4_M0-44_CaDo_C4_M0-66_BrNoBrG_C12_M0-66_BrNoBrG_C12_M0-55_TeNoTeG_C8_M0-44_CaDo_C4_M0-44_CaDo_C4_M0-55_TeNoTeG_C8_M0-66_BrNoBrG_C12_M0-44_CaDo_C4_M0-55_TeNoTeG_C8_M0-55_TeNoTeG_C8_M0,10-8-19-8-9-57-48-18-8-9-35-58-15-22-18
55_TeNoTeG_C8_M0-55_TeNoTeG_C8_M0-44_CaDo_C4_M0-66_BrNoBrG_C12_M0-44_CaDo_C4_M0,18-16-12-42-8
55_TeNoTeG_C8_M0-44_CaDo_C4_M0-55_TeNoTeG_C8_M0-66_BrNoBrG_C12_M0,19-11-18-72
55_TeNoTeG_C8_M0,0
66_BrNoBrG_C12_M0-44_CaDo_C4_M0-44_CaDo_C4_M0-66_BrNoBrG_C12_M0-55_TeNoTeG_C8_M0-66_BrNoBrG_C12_M0-44_CaDo_C4_M0-44_CaDo_C4_M0-55_TeNoTeG_C8_M0-55_TeNoTeG_C8_M0-44_CaDo_C4_M0-55_TeNoTeG_C8_M0-44_CaDo_C4_M0-55_TeNoTeG_C8_M0,54-23-14-29-16-43-18-18-24-18-21-21-20-19
44_CaDo_C4_M0-66_BrNoBrG_C12_M0-66_BrNoBrG_C12_M0-44_CaDo_C4_M0-44_CaDo_C4_M0-55_TeNoTeG_C8_M0-44_CaDo_C4_M0-66_BrNoBrG_C12_M0-44_CaDo_C4_M0-44_CaDo_C4_M0-55_TeNoTeG_C8_M0-66_BrNoBrG_C12_M0-66_BrNoBrG_C12_M0-55_TeNoTeG_C8_M0,9-36-65-8-12-21-9-27-9-8-17-71-89-16
66_BrNoBrG_C12_M0-44_CaDo_C4_M0-55_TeNoTeG_C8_M0-55_TeNoTeG_C8_M0-66_BrNoBrG_C12_M0-55_TeNoTeG_C8_M0-55_TeNoTeG_C8_M0-44_CaDo_C4_M0-55_TeNoTeG_C8_M0-66_BrNoBrG_C12_M0-55_TeNoTeG_C8_M0-66_BrNoBrG_C12_M0-55_TeNoTeG_C8_M0,59-8-18-16-32-18-16-10-18-37-18-62-18
44_CaDo_C4_M0-44_CaDo_C4_M0-66_BrNoBrG_C12_M0-55_TeNoTeG_C8_M0-55_TeNoTeG_C8_M0-55_TeNoTeG_C8_M0-44_CaDo_C4_M0-66_BrNoBrG_C12_M0-55_TeNoTeG_C8_M0-44_CaDo_C4_M0-66_BrNoBrG_C12_M0-55_TeNoTeG_C8_M0-66_BrNoBrG_C12_M0-66_BrNoBrG_C12_M0-44_CaDo_C4_M0-66_BrNoBrG_C12_M0-55_TeNoTeG_C8_M0-66_BrNoBrG_C12_M0,9-9-72-17-17-20-8-59-17-9-31-17-49-38-8-32-21-39
66_BrNoBrG_C12_M0-55_TeNoTeG_C8_M0-55_TeNoTeG_C8_M0-44_CaDo_C4_M0-44_CaDo_C4_M0-66_BrNoBrG_C12_M0-44_CaDo_C4_M0-44_CaDo_C4_M0-55_TeNoTeG_C8_M0-44_CaDo_C4_M0-55_TeNoTeG_C8_M0-66_BrNoBrG_C12_M0-66_BrNoBrG_C12_M0,42-22-17-8-8-61-9-8-18-10-16-62-41
55_TeNoTeG_C8_M0-66_BrNoBrG_C12_M0-44_CaDo_C4_M0-66_BrNoBrG_C12_M0-44_CaDo_C4_M0-66_BrNoBrG_C12_M0-55_TeNoTeG_C8_M0-55_TeNoTeG_C8_M0-55_TeNoTeG_C8_M0-66_BrNoBrG_C12_M0-55_TeNoTeG_C8_M0,19-57-14-204-10-166-33-36-32-37-21
44_CaDo_C4_M0-66_BrNoBrG_C12_M0,44-5
55_TeNoTeG_C8_M0-55_TeNoTeG_C8_M0-55_TeNoTeG_C8_M0-66_BrNoBrG_C12_M0-55_TeNoTeG_C8_M0-66_BrNoBrG_C12_M0-55_TeNoTeG_C8_M0-55_TeNoTeG_C8_M0-55_TeNoTeG_C8_M0-55_TeNoTeG_C8_M0-55_TeNoTeG_C8_M0-44_CaDo_C4_M0-44_CaDo_C4_M0-44_CaDo_C4_M0-66_BrNoBrG_C12_M0-66_BrNoBrG_C12_M0-66_BrNoBrG_C12_M0-66_BrNoBrG_C12_M0-55_TeNoTeG_C8_M0-44_CaDo_C4_M0-44_CaDo_C4_M0-55_TeNoTeG_C8_M0-66_BrNoBrG_C12_M0-55_TeNoTeG_C8_M0-55_TeNoTeG_C8_M0-55_TeNoTeG_C8_M0-55_TeNoTeG_C8_M0-44_CaDo_C4_M0-44_CaDo_C4_M0-55_TeNoTeG_C8_M0-44_CaDo_C4_M0-44_CaDo_C4_M0-44_CaDo_C4_M0-55_TeNoTeG_C8_M0-66_BrNoBrG_C12_M0,17-18-19-56-19-63-17-22-19-17-29-8-8-9-65-44-33-35-22-9-8-17-58-17-21-20-25-8-8-25-8-8-8-27-11
44_CaDo_C4_M0,8
66_BrNoBrG_C12_M0,62
55_TeNoTeG_C8_M0-44_CaDo_C4_M0-44_CaDo_C4_M0-55_TeNoTeG_C8_M0-55_TeNoTeG_C8_M0-44_CaDo_C4_M0-55_TeNoTeG_C8_M0-44_CaDo_C4_M0-66_BrNoBrG_C12_M0-66_BrNoBrG_C12_M0,16-8-8-16-16-8-16-8-76-14
44_CaDo_C4_M0-44_CaDo_C4_M0-55_TeNoTeG_C8_M0-66_BrNoBrG_C12_M0-66_BrNoBrG_C12_M0,9-9-17-48-65
55_TeNoTeG_C8_M0-55_TeNoTeG_C8_M0-66_BrNoBrG_C12_M0-44_CaDo_C4_M0-66_BrNoBrG_C12_M0-66_BrNoBrG_C12_M0-66_BrNoBrG_C12_M0-44_CaDo_C4_M0-66_BrNoBrG_C12_M0-55_TeNoTeG_C8_M0-44_CaDo_C4_M0,20-19-52-14-77-45-36-8-73-33-8
55_TeNoTeG_C8_M0-44_CaDo_C4_M0-66_BrNoBrG_C12_M0-55_TeNoTeG_C8_M0-55_TeNoTeG_C8_M0-66_BrNoBrG_C12_M0-44_CaDo_C4_M0-55_TeNoTeG_C8_M0-55_TeNoTeG_C8_M0-55_TeNoTeG_C8_M0-66_BrNoBrG_C12_M0-55_TeNoTeG_C8_M0-66_BrNoBrG_C12_M0,19-10-32-16-16-29-9-28-25-19-29-23-33
55_TeNoTeG_C8_M0-44_CaDo_C4_M0-55_TeNoTeG_C8_M0-66_BrNoBrG_C12_M0-44_CaDo_C4_M0-55_TeNoTeG_C8_M0-55_TeNoTeG_C8_M0-66_BrNoBrG_C12_M0-66_BrNoBrG_C12_M0-55_TeNoTeG_C8_M0-66_BrNoBrG_C12_M0,26-21-18-80-15-29-30-89-90-25-92
55_TeNoTeG_C8_M0-44_CaDo_C4_M0-55_TeNoTeG_C8_M0-66_BrNoBrG_C12_M0-44_CaDo_C4_M0-55_TeNoTeG_C8_M0-55_TeNoTeG_C8_M0-55_TeNoTeG_C8_M0-55_TeNoTeG_C8_M0-55_TeNoTeG_C8_M0-55_TeNoTeG_C8_M0-44_CaDo_C4_M0-55_TeNoTeG_C8_M0-44_CaDo_C4_M0-66_BrNoBrG_C12_M0-44_CaDo_C4_M0,16-8-16-80-8-17-17-23-19-16-18-9-21-8-37-10
55_TeNoTeG_C8_M0-55_TeNoTeG_C8_M0-44_CaDo_C4_M0-55_TeNoTeG_C8_M0-55_TeNoTeG_C8_M0-55_TeNoTeG_C8_M0-44_CaDo_C4_M0-44_CaDo_C4_M0-66_BrNoBrG_C12_M0-55_TeNoTeG_C8_M0-66_BrNoBrG_C12_M0-55_TeNoTeG_C8_M0-44_CaDo_C4_M0,16-23-18-19-19-21-13-16-76-16-35-18-10
55_TeNoTeG_C8_M0-55_TeNoTeG_C8_M0-66_BrNoBrG_C12_M0-44_CaDo_C4_M0-55_TeNoTeG_C8_M0-55_TeNoTeG_C8_M0-55_TeNoTeG_C8_M0-66_BrNoBrG_C12_M0-44_CaDo_C4_M0-44_CaDo_C4_M0-44_CaDo_C4_M0-44_CaDo_C4_M0-44_CaDo_C4_M0-44_CaDo_C4_M0-66_BrNoBrG_C12_M0-44_CaDo_C4_M0-44_CaDo_C4_M0-55_TeNoTeG_C8_M0-44_CaDo_C4_M0-55_TeNoTeG_C8_M0,28-21-90-19-24-24-35-35-9-12-19-11-10-10-94-10-10-21-13-26
66_BrNoBrG_C12_M0-55_TeNoTeG_C8_M0-44_CaDo_C4_M0-66_BrNoBrG_C12_M0-55_TeNoTeG_C8_M0-55_TeNoTeG_C8_M0-44_CaDo_C4_M0-55_TeNoTeG_C8_M0-55_TeNoTeG_C8_M0-44_CaDo_C4_M0-44_CaDo_C4_M0-55_TeNoTeG_C8_M0-55_TeNoTeG_C8_M0-55_TeNoTeG_C8_M0,92-16-8-38-16-16-8-16-16-8-8-16-16-18
44_CaDo_C4_M0-55_TeNoTeG_C8_M0-66_BrNoBrG_C12_M0,8-18-29
66_BrNoBrG_C12_M0-55_TeNoTeG_C8_M0-55_TeNoTeG_C8_M0-66_BrNoBrG_C12_M0-55_TeNoTeG_C8_M0-66_BrNoBrG_C12_M0-55_TeNoTeG_C8_M0-55_TeNoTeG_C8_M0-66_BrNoBrG_C12_M0-66_BrNoBrG_C12_M0-44_CaDo_C4_M0-66_BrNoBrG_C12_M0-66_BrNoBrG_C12_M0-44_CaDo_C4_M0-55_TeNoTeG_C8_M0-66_BrNoBrG_C12_M0-44_CaDo_C4_M0-55_TeNoTeG_C8_M0-55_TeNoTeG_C8_M0-66_BrNoBrG_C12_M0-44_CaDo_C4_M0-44_CaDo_C4_M0-66_BrNoBrG_C12_M0-44_CaDo_C4_M0-55_TeNoTeG_C8_M0-55_TeNoTeG_C8_M0-55_TeNoTeG_C8_M0-55_TeNoTeG_C8_M0-44_CaDo_C4_M0-55_TeNoTeG_C8_M0-55_TeNoTeG_C8_M0,30-17-18-24-17-57-17-18-38-31-8-40-37-8-16-36-10-19-20-28-10-10-29-12-18-18-22-20-9-20-19
66_BrNoBrG_C12_M0,21
55_TeNoTeG_C8_M0-55_TeNoTeG_C8_M0-44_CaDo_C4_M0-44_CaDo_C4_M0-44_CaDo_C4_M0-55_TeNoTeG_C8_M0-55_TeNoTeG_C8_M0-66_BrNoBrG_C12_M0-55_TeNoTeG_C8_M0-44_CaDo_C4_M0-55_TeNoTeG_C8_M0-66_BrNoBrG_C12_M0-66_BrNoBrG_C12_M0,20-32-21-20-21-34-21-40-31-30-21-54-48
66_BrNoBrG_C12_M0-55_TeNoTeG_C8_M0-55_TeNoTeG_C8_M0-55_TeNoTeG_C8_M0-66_BrNoBrG_C12_M0-66_BrNoBrG_C12_M0-44_CaDo_C4_M0-44_CaDo_C4_M0-44_CaDo_C4_M0-66_BrNoBrG_C12_M0-55_TeNoTeG_C8_M0-44_CaDo_C4_M0,25-28-22-16-51-31-31-15-15-29-31-20
44_CaDo_C4_M0,0
55_TeNoTeG_C8_M0-66_BrNoBrG_C12_M0-55_TeNoTeG_C8_M0-44_CaDo_C4_M0-44_CaDo_C4_M0-44_CaDo_C4_M0-55_TeNoTeG_C8_M0-66_BrNoBrG_C12_M0,40-40-32-8-8-8-20-74
55_TeNoTeG_C8_M0-44_CaDo_C4_M0-44_CaDo_C4_M0-44_CaDo_C4_M0-66_BrNoBrG_C12_M0-66_BrNoBrG_C12_M0-66_BrNoBrG_C12_M0-55_TeNoTeG_C8_M0-44_CaDo_C4_M0-55_TeNoTeG_C8_M0-66_BrNoBrG_C12_M0,20-10-8-8-32-105-82-19-9-24-2
66_BrNoBrG_C12_M0-44_CaDo_C4_M0-66_BrNoBrG_C12_M0-44_CaDo_C4_M0-66_BrNoBrG_C12_M0-66_BrNoBrG_C12_M0-44_CaDo_C4_M0-66_BrNoBrG_C12_M0-55_TeNoTeG_C8_M0-44_CaDo_C4_M0-44_CaDo_C4_M0-66_BrNoBrG_C12_M0-44_CaDo_C4_M0-44_CaDo_C4_M0,38-21-44-24-44-42-18-44-60-21-18-31-21-20
44_CaDo_C4_M0-44_CaDo_C4_M0-44_CaDo_C4_M0-55_TeNoTeG_C8_M0-66_BrNoBrG_C12_M0-55_TeNoTeG_C8_M0-44_CaDo_C4_M0-55_TeNoTeG_C8_M0-55_TeNoTeG_C8_M0-55_TeNoTeG_C8_M0-66_BrNoBrG_C12_M0-55_TeNoTeG_C8_M0-66_BrNoBrG_C12_M0-55_TeNoTeG_C8_M0,20-13-24-22-102-27-17-27-21-22-84-22-100-28
44_CaDo_C4_M0-55_TeNoTeG_C8_M0-55_TeNoTeG_C8_M0-55_TeNoTeG_C8_M0-44_CaDo_C4_M0-44_CaDo_C4_M0-55_TeNoTeG_C8_M0-44_CaDo_C4_M0-66_BrNoBrG_C12_M0-44_CaDo_C4_M0-66_BrNoBrG_C12_M0,9-18-23-21-9-9-17-8-72-8-29
55_TeNoTeG_C8_M0-55_TeNoTeG_C8_M0-66_BrNoBrG_C12_M0,37-20-21
66_BrNoBrG_C12_M0-55_TeNoTeG_C8_M0-44_CaDo_C4_M0-55_TeNoTeG_C8_M0-55_TeNoTeG_C8_M0-66_BrNoBrG_C12_M0-55_TeNoTeG_C8_M0-55_TeNoTeG_C8_M0-44_CaDo_C4_M0-44_CaDo_C4_M0-66_BrNoBrG_C12_M0-55_TeNoTeG_C8_M0,60-17-8-20-20-102-16-20-11-12-51-20
66_BrNoBrG_C12_M0,79
66_BrNoBrG_C12_M0,61
44_CaDo_C4_M0-66_BrNoBrG_C12_M0-66_BrNoBrG_C12_M0-44_CaDo_C4_M0-55_TeNoTeG_C8_M0-44_CaDo_C4_M0-44_CaDo_C4_M0-55_TeNoTeG_C8_M0-66_BrNoBrG_C12_M0-55_TeNoTeG_C8_M0-44_CaDo_C4_M0-44_CaDo_C4_M0-44_CaDo_C4_M0-66_BrNoBrG_C12_M0,10-47-92-10-21-8-11-18-49-18-10-10-12-21
55_TeNoTeG_C8_M0-66_BrNoBrG_C12_M0-44_CaDo_C4_M0-55_TeNoTeG_C8_M0-55_TeNoTeG_C8_M0-66_BrNoBrG_C12_M0-66_BrNoBrG_C12_M0-44_CaDo_C4_M0-44_CaDo_C4_M0-55_TeNoTeG_C8_M0-66_BrNoBrG_C12_M0-66_BrNoBrG_C12_M0,22-39-8-19-17-53-28-9-11-20-35-51
66_BrNoBrG_C12_M0-44_CaDo_C4_M0-44_CaDo_C4_M0-44_CaDo_C4_M0-55_TeNoTeG_C8_M0-55_TeNoTeG_C8_M0-66_BrNoBrG_C12_M0-55_TeNoTeG_C8_M0-66_BrNoBrG_C12_M0,41-8-8-9-20-20-32-22-38
55_TeNoTeG_C8_M0,27
44_CaDo_C4_M0-66_BrNoBrG_C12_M0-66_BrNoBrG_C12_M0-66_BrNoBrG_C12_M0-44_CaDo_C4_M0-66_BrNoBrG_C12_M0-55_TeNoTeG_C8_M0-66_BrNoBrG_C12_M0-44_CaDo_C4_M0-66_BrNoBrG_C12_M0-44_CaDo_C4_M0-55_TeNoTeG_C8_M0-44_CaDo_C4_M0-55_TeNoTeG_C8_M0,8-30-40-39-8-29-18-36-8-42-8-27-8-19
55_TeNoTeG_C8_M0-44_CaDo_C4_M0-66_BrNoBrG_C12_M0,20-8-35
44_CaDo_C4_M0-44_CaDo_C4_M0-44_CaDo_C4_M0-55_TeNoTeG_C8_M0-55_TeNoTeG_C8_M0-44_CaDo_C4_M0-66_BrNoBrG_C12_M0-66_BrNoBrG_C12_M0-55_TeNoTeG_C8_M0-44_CaDo_C4_M0-66_BrNoBrG_C12_M0-66_BrNoBrG_C12_M0-44_CaDo_C4_M0-66_BrNoBrG_C12_M0-44_CaDo_C4_M0-44_CaDo_C4_M0-44_CaDo_C4_M0-44_CaDo_C4_M0-44_CaDo_C4_M0-66_BrNoBrG_C12_M0,10-8-8-16-18-8-58-37-29-10-32-86-20-30-9-14-10-16-14-63
44_CaDo_C4_M0-66_BrNoBrG_C12_M0-55_TeNoTeG_C8_M0-44_CaDo_C4_M0-66_BrNoBrG_C12_M0-44_CaDo_C4_M0-55_TeNoTeG_C8_M0-66_BrNoBrG_C12_M0-55_TeNoTeG_C8_M0-44_CaDo_C4_M0-44_CaDo_C4_M0-66_BrNoBrG_C12_M0-66_BrNoBrG_C12_M0-55_TeNoTeG_C8_M0-44_CaDo_C4_M0-55_TeNoTeG_C8_M0-44_CaDo_C4_M0-66_BrNoBrG_C12_M0-55_TeNoTeG_C8_M0-55_TeNoTeG_C8_M0-44_CaDo_C4_M0-55_TeNoTeG_C8_M0-44_CaDo_C4_M0-44_CaDo_C4_M0-55_TeNoTeG_C8_M0-55_TeNoTeG_C8_M0-66_BrNoBrG_C12_M0-55_TeNoTeG_C8_M0-55_TeNoTeG_C8_M0-66_BrNoBrG_C12_M0-44_CaDo_C4_M0-44_CaDo_C4_M0-55_TeNoTeG_C8_M0-66_BrNoBrG_C12_M0-66_BrNoBrG_C12_M0-44_CaDo_C4_M0-55_TeNoTeG_C8_M0-44_CaDo_C4_M0-55_TeNoTeG_C8_M0-66_BrNoBrG_C12_M0-44_CaDo_C4_M0-66_BrNoBrG_C12_M0-55_TeNoTeG_C8_M0-66_BrNoBrG_C12_M0-44_CaDo_C4_M0-55_TeNoTeG_C8_M0-66_BrNoBrG_C12_M0-66_BrNoBrG_C12_M0-44_CaDo_C4_M0-66_BrNoBrG_C12_M0-66_BrNoBrG_C12_M0-66_BrNoBrG_C12_M0,8-73-18-8-32-8-19-64-16-8-8-86-40-28-10-21-12-51-16-21-8-24-9-8-28-21-38-23-19-45-9-10-20-66-42-10-24-10-26-49-8-34-31-44-9-20-50-59-8-31-31-46
55_TeNoTeG_C8_M0-66_BrNoBrG_C12_M0-44_CaDo_C4_M0-66_BrNoBrG_C12_M0-44_CaDo_C4_M0-44_CaDo_C4_M0-66_BrNoBrG_C12_M0-55_TeNoTeG_C8_M0-44_CaDo_C4_M0-66_BrNoBrG_C12_M0-55_TeNoTeG_C8_M0-44_CaDo_C4_M0-55_TeNoTeG_C8_M0-44_CaDo_C4_M0-66_BrNoBrG_C12_M0-66_BrNoBrG_C12_M0-66_BrNoBrG_C12_M0-44_CaDo_C4_M0-66_BrNoBrG_C12_M0-66_BrNoBrG_C12_M0-55_TeNoTeG_C8_M0-66_BrNoBrG_C12_M0-44_CaDo_C4_M0-66_BrNoBrG_C12_M0,30-95-8-93-8-8-30-21-8-116-29-8-18-8-89-46-102-8-45-44-26-29-11-62
66_BrNoBrG_C12_M0,15
44_CaDo_C4_M0-66_BrNoBrG_C12_M0-66_BrNoBrG_C12_M0-66_BrNoBrG_C12_M0-66_BrNoBrG_C12_M0-44_CaDo_C4_M0-44_CaDo_C4_M0-66_BrNoBrG_C12_M0-66_BrNoBrG_C12_M0-44_CaDo_C4_M0-44_CaDo_C4_M0-66_BrNoBrG_C12_M0,18-62-203-165-154-19-18-51-226-16-12-152
44_CaDo_C4_M0-66_BrNoBrG_C12_M0-44_CaDo_C4_M0-66_BrNoBrG_C12_M0-66_BrNoBrG_C12_M0-66_BrNoBrG_C12_M0-55_TeNoTeG_C8_M0-44_CaDo_C4_M0-66_BrNoBrG_C12_M0,17-66-22-46-52-65-19-17-87
66_BrNoBrG_C12_M0-66_BrNoBrG_C12_M0-66_BrNoBrG_C12_M0-66_BrNoBrG_C12_M0-55_TeNoTeG_C8_M0-44_CaDo_C4_M0-55_TeNoTeG_C8_M0-66_BrNoBrG_C12_M0-55_TeNoTeG_C8_M0-55_TeNoTeG_C8_M0,32-54-44-33-27-9-19-39-20-34
55_TeNoTeG_C8_M0-66_BrNoBrG_C12_M0,16-14
44_CaDo_C4_M0-55_TeNoTeG_C8_M0-66_BrNoBrG_C12_M0,13-21-11
66_BrNoBrG_C12_M0-44_CaDo_C4_M0-44_CaDo_C4_M0-55_TeNoTeG_C8_M0-66_BrNoBrG_C12_M0-66_BrNoBrG_C12_M0-55_TeNoTeG_C8_M0-44_CaDo_C4_M0-55_TeNoTeG_C8_M0-66_BrNoBrG_C12_M0-66_BrNoBrG_C12_M0-44_CaDo_C4_M0,66-22-20-22-31-96-18-12-22-67-78-17
55_TeNoTeG_C8_M0-44_CaDo_C4_M0-44_CaDo_C4_M0-66_BrNoBrG_C12_M0-66_BrNoBrG_C12_M0-66_BrNoBrG_C12_M0-44_CaDo_C4_M0-55_TeNoTeG_C8_M0-66_BrNoBrG_C12_M0-44_CaDo_C4_M0-44_CaDo_C4_M0-55_TeNoTeG_C8_M0-44_CaDo_C4_M0-44_CaDo_C4_M0-44_CaDo_C4_M0-66_BrNoBrG_C12_M0-66_BrNoBrG_C12_M0-44_CaDo_C4_M0-66_BrNoBrG_C12_M0-44_CaDo_C4_M0-44_CaDo_C4_M0-66_BrNoBrG_C12_M0-55_TeNoTeG_C8_M0-66_BrNoBrG_C12_M0-66_BrNoBrG_C12_M0,17-8-9-35-84-72-9-19-49-11-11-34-19-9-11-72-34-13-27-14-8-63-22-80-52
55_TeNoTeG_C8_M0-55_TeNoTeG_C8_M0-66_BrNoBrG_C12_M0-44_CaDo_C4_M0-66_BrNoBrG_C12_M0-66_BrNoBrG_C12_M0-55_TeNoTeG_C8_M0-66_BrNoBrG_C12_M0-66_BrNoBrG_C12_M0-66_BrNoBrG_C12_M0-55_TeNoTeG_C8_M0-44_CaDo_C4_M0-66_BrNoBrG_C12_M0,18-18-29-8-61-70-17-38-35-59-20-9-33
44_CaDo_C4_M0,16
44_CaDo_C4_M0-44_CaDo_C4_M0-55_TeNoTeG_C8_M0-44_CaDo_C4_M0-55_TeNoTeG_C8_M0-44_CaDo_C4_M0-66_BrNoBrG_C12_M0-66_BrNoBrG_C12_M0-44_CaDo_C4_M0-66_BrNoBrG_C12_M0-44_CaDo_C4_M0-44_CaDo_C4_M0-44_CaDo_C4_M0-55_TeNoTeG_C8_M0-66_BrNoBrG_C12_M0,8-13-33-11-50-13-268-243-17-50-15-11-19-19-111
55_TeNoTeG_C8_M0,16
44_CaDo_C4_M0,2
66_BrNoBrG_C12_M0,51
44_CaDo_C4_M0-44_CaDo_C4_M0-44_CaDo_C4_M0-55_TeNoTeG_C8_M0-66_BrNoBrG_C12_M0,9-8-8-19-98
44_CaDo_C4_M0-66_BrNoBrG_C12_M0-44_CaDo_C4_M0-55_TeNoTeG_C8_M0-44_CaDo_C4_M0-44_CaDo_C4_M0-66_BrNoBrG_C12_M0-55_TeNoTeG_C8_M0-55_TeNoTeG_C8_M0-66_BrNoBrG_C12_M0-66_BrNoBrG_C12_M0-44_CaDo_C4_M0-55_TeNoTeG_C8_M0,19-54-18-22-19-20-46-19-19-37-38-20-16
55_TeNoTeG_C8_M0-55_TeNoTeG_C8_M0-66_BrNoBrG_C12_M0-55_TeNoTeG_C8_M0-66_BrNoBrG_C12_M0-44_CaDo_C4_M0-66_BrNoBrG_C12_M0-44_CaDo_C4_M0-55_TeNoTeG_C8_M0-44_CaDo_C4_M0-66_BrNoBrG_C12_M0-44_CaDo_C4_M0-66_BrNoBrG_C12_M0-44_CaDo_C4_M0-55_TeNoTeG_C8_M0-55_TeNoTeG_C8_M0-44_CaDo_C4_M0-55_TeNoTeG_C8_M0-66_BrNoBrG_C12_M0-66_BrNoBrG_C12_M0-55_TeNoTeG_C8_M0,22-35-58-32-45-8-62-13-23-10-87-12-55-10-21-33-13-21-71-139-25
55_TeNoTeG_C8_M0-44_CaDo_C4_M0-66_BrNoBrG_C12_M0-55_TeNoTeG_C8_M0-44_CaDo_C4_M0-55_TeNoTeG_C8_M0-66_BrNoBrG_C12_M0-55_TeNoTeG_C8_M0-55_TeNoTeG_C8_M0-55_TeNoTeG_C8_M0-44_CaDo_C4_M0-44_CaDo_C4_M0-44_CaDo_C4_M0-44_CaDo_C4_M0-55_TeNoTeG_C8_M0,24-11-34-23-8-16-101-32-21-17-13-10-15-13-26
66_BrNoBrG_C12_M0-66_BrNoBrG_C12_M0-66_BrNoBrG_C12_M0-44_CaDo_C4_M0-66_BrNoBrG_C12_M0-66_BrNoBrG_C12_M0-66_BrNoBrG_C12_M0-44_CaDo_C4_M0-44_CaDo_C4_M0-66_BrNoBrG_C12_M0-44_CaDo_C4_M0-55_TeNoTeG_C8_M0,24-36-34-8-42-36-26-8-8-66-10-26
44_CaDo_C4_M0-66_BrNoBrG_C12_M0-66_BrNoBrG_C12_M0-55_TeNoTeG_C8_M0-66_BrNoBrG_C12_M0,12-75-39-21-27
66_BrNoBrG_C12_M0-44_CaDo_C4_M0-55_TeNoTeG_C8_M0-55_TeNoTeG_C8_M0-44_CaDo_C4_M0-55_TeNoTeG_C8_M0-55_TeNoTeG_C8_M0-66_BrNoBrG_C12_M0-55_TeNoTeG_C8_M0-44_CaDo_C4_M0-55_TeNoTeG_C8_M0-66_BrNoBrG_C12_M0-66_BrNoBrG_C12_M0-44_CaDo_C4_M0-55_TeNoTeG_C8_M0-55_TeNoTeG_C8_M0-66_BrNoBrG_C12_M0,56-10-19-26-14-20-23-34-22-11-22-59-42-9-28-19-8
